{"n_estimators": 2778, "alpha": 0.0116506803424446, "colsample_bylevel": 0.5369127836817501, "colsample_bytree": 0.8414778917324561, "eta": 0.004635630756289, "gamma": 2.0192963777234745e-07, "grow_policy": "lossguide", "lambda": 0.1492608100183975, "max_depth": 9, "min_child_weight": 15.454366829376507, "subsample": 0.3822225553858406}