{"n_estimators": 6657, "alpha": 0.0011417080515767, "colsample_bylevel": 0.3952340477185723, "colsample_bytree": 0.6123032105746219, "eta": 0.0031675686428257, "gamma": 8.785667801652707e-06, "grow_policy": "lossguide", "lambda": 0.0001213718397427, "max_depth": 9, "min_child_weight": 19.575946382400808, "subsample": 0.2499867055450773}