{"n_estimators": 2398, "alpha": 1.3121853394754562e-05, "colsample_bylevel": 0.4199133565713395, "colsample_bytree": 0.7502536523189941, "eta": 0.0037231614229243, "gamma": 6.255795740137442e-06, "grow_policy": "lossguide", "lambda": 0.1637432624638524, "max_depth": 9, "min_child_weight": 1.4492850904920425, "subsample": 0.3190757451093947}